threshold,f1_macro,f1_toxic,precision_toxic,recall_toxic,precision_safe,recall_safe
0.03,0.43334435017144896,0.3893456099967116,0.24232501023331968,0.9899665551839465,0.9929742388758782,0.3141904409040385
0.035,0.4721379823475128,0.4084166954122111,0.2572794437201217,0.9899665551839465,0.9939759036144579,0.36680251945164877
0.04,0.5067321691768034,0.4262413918086263,0.2720962517353077,0.9832775919732442,0.9911971830985915,0.41719155242682476
0.045,0.5337845813900386,0.4415879017013232,0.285295554469956,0.9765886287625418,0.9888,0.4579473879214524
0.05,0.5621089930718415,0.46050552922590837,0.3014477766287487,0.9749163879598662,0.9889948642699926,0.49944423860689147
0.055,0.5861855291090001,0.4773662551440329,0.3165938864628821,0.9698996655518395,0.9877133105802047,0.5361244905520564
0.06,0.6053473203547957,0.4910333048676345,0.3297018348623853,0.9615384615384616,0.9851899549259497,0.5668766209707299
0.065,0.6214613926353244,0.5030891438658429,0.34172661870503596,0.9531772575250836,0.9828115408225906,0.593182660244535
0.07,0.6372721271769827,0.516802906448683,0.35473815461346636,0.9515050167224081,0.9828706438275251,0.6165246387550944
0.075,0.6508068636259535,0.5284780578898226,0.36658031088082904,0.9464882943143813,0.9817455790074159,0.6376435716932197
0.08,0.6679956648262091,0.5448408871745419,0.38279132791327913,0.9448160535117057,0.9818780889621087,0.662467580585402
0.085,0.6829522063664779,0.5599603567888999,0.397887323943662,0.9448160535117057,0.9824187533297816,0.6832160059281215
0.09,0.6914325449583654,0.5685483870967742,0.4069264069264069,0.9431438127090301,0.9822082679225537,0.6954427565765098
0.095,0.7007433100764828,0.5777548918640577,0.4174107142857143,0.9381270903010034,0.9810547875064004,0.7098925527973323
0.1,0.7087803084115445,0.5858267716535434,0.4269319051262433,0.9331103678929766,0.9798994974874372,0.7224898110411263
0.105,0.7160696153205036,0.5932656333511491,0.43597800471327575,0.9280936454849499,0.9787549407114624,0.7339755464987032
0.11,0.7240991567741581,0.6021739130434782,0.44605475040257647,0.9264214046822743,0.9785888077858881,0.7450907743608745
0.115,0.727176735146219,0.6046255506607929,0.45073891625615764,0.9180602006688964,0.9764309764309764,0.7521304186735828
0.12,0.7346163915573349,0.6122678671918964,0.46140797285835455,0.9096989966555183,0.9745042492917847,0.7647276769173768
0.125,0.7431154147278511,0.6224256292906178,0.47304347826086957,0.9096989966555183,0.9748486259897532,0.7754723971841423
0.13,0.7477021506668269,0.627177700348432,0.4804270462633452,0.903010033444816,0.9733087896916705,0.7836235642830678
0.135,0.751544479071165,0.6308962264150944,0.4872495446265938,0.8946488294314381,0.9713506139154161,0.7914042237865876
0.14,0.7589368386796556,0.639904134212103,0.49859943977591037,0.8929765886287625,0.9712488769092543,0.801037421267136
0.145,0.7650864175426355,0.6476652516676774,0.5080875356803045,0.8929765886287625,0.9715048975957258,0.8084475731752501
0.15,0.7681723918688462,0.6506765067650676,0.5145914396887159,0.8846153846153846,0.9695901278096077,0.8151167098925528
0.155,0.7721807628524047,0.6554726368159204,0.5217821782178218,0.8812709030100334,0.9689549628334062,0.821044831419044
0.16,0.7767420000545242,0.6612193588937775,0.5297079556898288,0.8795986622073578,0.96875,0.8269729529455354
0.165,0.781162883313421,0.6666666666666666,0.5379876796714579,0.8762541806020067,0.9681446405510116,0.8332715820674323
0.17,0.7842780438134107,0.6701030927835051,0.5450733752620545,0.8695652173913043,0.9667093469910372,0.8391997035939237
0.175,0.784417939402926,0.6692708333333334,0.5479744136460555,0.8595317725752508,0.9643916913946587,0.8429047795479807
0.18,0.7865846405302944,0.6714944042132982,0.5537459283387622,0.8528428093645485,0.9629629629629629,0.8477213782882549
0.185,0.7894967257239738,0.6750830564784053,0.5600882028665931,0.8494983277591973,0.9623430962343096,0.8521674694331234
0.19,0.7912354719749286,0.6769436997319035,0.5648769574944071,0.8444816053511706,0.9612983770287141,0.8558725453871804
0.195,0.7925872704215932,0.6779661016949152,0.5701254275940707,0.8361204013377926,0.959504132231405,0.8603186365320489
0.2,0.796645588919589,0.683526999316473,0.5780346820809249,0.8361204013377926,0.959703947368421,0.8647647276769174
0.205,0.7998942048422999,0.6870653685674548,0.5880952380952381,0.8260869565217391,0.9576719576719577,0.8718043719896258
0.21,0.801073433059379,0.6885474860335196,0.5911270983213429,0.8244147157190636,0.9573690621193667,0.8736569099666543
0.215,0.8032464581021663,0.691114245416079,0.5975609756097561,0.8193979933110368,0.9563988696003229,0.877732493516117
0.22,0.8043875475140204,0.6922530206112296,0.6019777503090235,0.81438127090301,0.9553858520900321,0.8806965542793628
0.225,0.8049209517858427,0.6920863309352518,0.6073232323232324,0.8043478260869565,0.9532934131736527,0.8847721378288255
0.23,0.8082618959637422,0.6966618287373004,0.6153846153846154,0.802675585284281,0.9531187922129519,0.8888477213782883
0.235,0.8086611193038135,0.6964809384164223,0.6201044386422977,0.794314381270903,0.9514026076649545,0.8921822897369396
0.24,0.8109722074506487,0.6996309963099631,0.6261558784676354,0.7926421404682275,0.9511811023622048,0.8951463505001852
0.245,0.8105571801138256,0.698741672834937,0.6268260292164675,0.7892976588628763,0.9504716981132075,0.8958873656909967
0.25,0.8142975679293326,0.7036759189797449,0.638095238095238,0.7842809364548495,0.949648711943794,0.9014449796220823
0.255,0.815349015423069,0.7049056603773585,0.6423658872077029,0.7809364548494984,0.9490272373540856,0.9036680251945165
0.26,0.8161970415816453,0.7057034220532319,0.6471408647140865,0.7759197324414716,0.9480620155038759,0.9062615783623564
0.265,0.8176323983569375,0.7075038284839203,0.652542372881356,0.7725752508361204,0.9474700656624179,0.9088551315301964
0.27,0.816731597724196,0.7053364269141531,0.6561151079136691,0.7625418060200669,0.9454265949269792,0.9114486846980363
0.275,0.8179072489373412,0.706342991386061,0.6642120765832106,0.754180602006689,0.9438502673796791,0.9155242682474991
0.28,0.8176319385696622,0.705511811023622,0.6666666666666666,0.7491638795986622,0.9428571428571428,0.9170062986291219
0.285,0.8195283173507328,0.708300395256917,0.671664167916042,0.7491638795986622,0.9429657794676806,0.9188588366061504
0.29,0.8186519739039793,0.7064439140811456,0.6737481031866465,0.7424749163879598,0.9416224412433661,0.9203408669877733
0.295,0.8205064138221989,0.7089013632718525,0.6810477657935285,0.7391304347826086,0.9410876132930514,0.9233049277510189
0.3,0.8208333703392993,0.709105560032232,0.6842923794712286,0.7357859531772575,0.9404672192916352,0.9247869581326417
0.305,0.823541631389245,0.713128038897893,0.6918238993710691,0.7357859531772575,0.9406238256294626,0.9273805113004817
0.31,0.8218770373481967,0.7100977198697068,0.692063492063492,0.7290969899665551,0.9392575928008999,0.9281215264912931
0.315,0.8218172362919911,0.7097301717089125,0.6944,0.725752508361204,0.938622754491018,0.9292330492775102
0.32,0.82214624540539,0.7099424815119145,0.6978998384491115,0.7224080267558528,0.9380134428678119,0.930715079659133
0.325,0.819526957046264,0.7049044056525353,0.7008264462809918,0.7090301003344481,0.9353640416047548,0.9329381252315673
0.33,0.8189810161920714,0.7035175879396985,0.7046979865771812,0.7023411371237458,0.9340984820436875,0.9347906632085958
0.335,0.820557756781469,0.7058823529411765,0.7094594594594594,0.7023411371237458,0.9341959334565619,0.9362726935902186
0.34,0.8184240518030194,0.7021097046413503,0.7086882453151618,0.6956521739130435,0.9328413284132842,0.9366432011856243
0.345,0.8179436934291064,0.7011007620660458,0.7101200686106347,0.6923076923076923,0.9322033898305084,0.9373842163764358
0.35,0.8172166490637749,0.6995744680851064,0.7123050259965338,0.6872909698996655,0.93125,0.9384957391626528
0.355,0.8188043052230489,0.7019641332194705,0.7172774869109948,0.6872909698996655,0.9313509544787077,0.9399777695442757
0.36,0.8179191134517215,0.7003424657534246,0.7175438596491228,0.6839464882943144,0.9306930693069307,0.9403482771396814
0.365,0.8191149580578628,0.7021459227467811,0.7213403880070547,0.6839464882943144,0.9307692307692308,0.9414597999258985
0.37,0.8191804640854328,0.7018150388936906,0.7262969588550984,0.6789297658862876,0.9298758217677137,0.943312337902927
0.375,0.8188403667380123,0.7008695652173913,0.730072463768116,0.6739130434782609,0.9289617486338798,0.9447943682845499
0.38,0.8183415211692076,0.699825479930192,0.7317518248175182,0.6705685618729097,0.9283375773008367,0.9455353834753613
0.385,0.8171828643882637,0.6976336546888694,0.7329650092081031,0.6655518394648829,0.9273783587509078,0.9462763986661726
0.39,0.8160146754473341,0.6954225352112676,0.7342007434944238,0.6605351170568562,0.9264226168901776,0.947017413856984
0.395,0.8143155942998477,0.6921029281277729,0.7372400756143668,0.6521739130434783,0.9248554913294798,0.9484994442386069
0.4,0.812856229448301,0.6892857142857143,0.7394636015325671,0.6454849498327759,0.9236036036036036,0.9496109670248241
0.405,0.8113792759205902,0.6864330637915543,0.7417475728155339,0.6387959866220736,0.9223580158159598,0.9507224898110411
0.41,0.8116499061837712,0.6865401987353207,0.7465618860510805,0.6354515050167224,0.9218077474892395,0.952204520192664
0.415,0.811512340008169,0.6860254083484574,0.75,0.6321070234113713,0.9212316505549588,0.9533160429788811
0.42,0.8098706659985205,0.6830601092896175,0.75,0.6270903010033445,0.9202717196996782,0.9536865505742868
0.425,0.8076544831448689,0.6788990825688074,0.7520325203252033,0.6187290969899666,0.9187165775401069,0.9547980733605039
0.43,0.8059838627491103,0.6758747697974218,0.7520491803278688,0.6137123745819398,0.9177643289426842,0.9551685809559096
0.435,0.8055270947798446,0.6746987951807228,0.7567567567567568,0.6086956521739131,0.9169034090909091,0.9566506113375324
0.44,0.8058842637395358,0.6747663551401869,0.7648305084745762,0.6036789297658863,0.9161061946902654,0.9588736569099666
0.445,0.8023497104893786,0.6685446009389672,0.7623126338329764,0.5953177257525084,0.9144876325088339,0.9588736569099666
0.45,0.8021588669698809,0.6679245283018868,0.7662337662337663,0.5919732441471572,0.9139329805996472,0.9599851796961838
0.455,0.8018564856802561,0.667296786389414,0.7673913043478261,0.5903010033444817,0.9136411702502644,0.9603556872915895
0.46,0.80155290718671,0.6666666666666666,0.7685589519650655,0.5886287625418061,0.913349771046143,0.9607261948869952
0.465,0.8014609938254103,0.666030534351145,0.7755555555555556,0.5836120401337793,0.9125395152792413,0.9625787328640237
0.47,0.7986668680273041,0.6609029779058597,0.7765237020316027,0.5752508361204013,0.9110021023125437,0.9633197480548351
0.475,0.7955165031818905,0.6550387596899225,0.7788018433179723,0.5652173913043478,0.9091861683548725,0.9644312708410523
0.48,0.7956066523644498,0.6550048590864918,0.7819025522041764,0.5635451505016722,0.9089323098394976,0.9651722860318637
0.485,0.7949564006324208,0.6536585365853659,0.7845433255269321,0.560200668896321,0.9083623693379791,0.965913301222675
0.49,0.7966185784862759,0.6562193927522038,0.7919621749408984,0.560200668896321,0.9084899095337509,0.9673953316042979
0.495,0.7966185784862759,0.6562193927522038,0.7919621749408984,0.560200668896321,0.9084899095337509,0.9673953316042979
0.5,0.797127688890793,0.6568338249754179,0.7971360381861575,0.5585284280936454,0.9082696316886727,0.968506854390515
0.505,0.7972195711649805,0.6568047337278107,0.8004807692307693,0.5568561872909699,0.9080180492884415,0.9692478695813265
0.51,0.7957243284810154,0.6541501976284585,0.7995169082125604,0.5535117056856187,0.9073881373569199,0.9692478695813265
0.515,0.7962316505549588,0.6547619047619048,0.8048780487804879,0.5518394648829431,0.9071700727398684,0.9703593923675435
0.52,0.7940545946733143,0.6506986027944112,0.806930693069307,0.5451505016722408,0.905979951607328,0.9711004075583549
0.525,0.793036024053341,0.6485943775100401,0.8115577889447236,0.540133779264214,0.9051397033459814,0.9722119303445721
0.53,0.792693661971831,0.647887323943662,0.8131313131313131,0.5384615384615384,0.9048603929679421,0.9725824379399778
0.535,0.7915836495981232,0.6458123107971746,0.8142493638676844,0.5351170568561873,0.9042699724517906,0.9729529455353835
0.54,0.7916579402346532,0.645748987854251,0.8179487179487179,0.5334448160535117,0.9040247678018576,0.9736939607261949
0.545,0.7909601756445372,0.6443089430894309,0.8212435233160622,0.5301003344481605,0.9034695980762625,0.9744349759170063
0.55,0.7871416670071024,0.6372950819672131,0.8227513227513228,0.520066889632107,0.9016786570743405,0.9751759911078177
0.555,0.7875630758278916,0.637948717948718,0.8249336870026526,0.520066889632107,0.9017123287671233,0.9755464987032234
0.56,0.7859965007890504,0.6351490236382322,0.824,0.5167224080267558,0.9010951403148528,0.9755464987032234
0.565,0.7836864254538751,0.6308169596690796,0.8265582655826558,0.5100334448160535,0.899931693989071,0.9762875138940348
0.57,0.7817702786652467,0.6270833333333333,0.8314917127071824,0.5033444816053512,0.8988074957410562,0.977399036680252
0.575,0.7802099997307458,0.6240837696335079,0.834733893557423,0.4983277591973244,0.8979591836734694,0.9781400518710633
0.58,0.7770136357318052,0.6181434599156118,0.8371428571428572,0.4899665551839465,0.8965049202578894,0.9788810670618747
0.585,0.775410953081625,0.6150583244962884,0.8405797101449275,0.48494983277591974,0.8956639566395664,0.9796220822526862
0.59,0.7762777343832464,0.6162046908315565,0.85,0.48327759197324416,0.8955021981738248,0.981104112634309
0.595,0.7734047647041784,0.6109324758842444,0.8507462686567164,0.4765886287625418,0.8943281566509116,0.9814746202297147
0.6,0.7725897979871874,0.6092572658772875,0.8549848942598187,0.47324414715719065,0.8937963587322993,0.9822156354205261
0.605,0.7721795919486175,0.6084142394822006,0.8571428571428571,0.47157190635451507,0.8935309973045822,0.9825861430159318
0.61,0.7726019744814205,0.6090712742980562,0.8597560975609756,0.47157190635451507,0.8935668575277871,0.9829566506113375
0.615,0.770515589767752,0.6052060737527115,0.8611111111111112,0.4665551839464883,0.8927009754456777,0.9833271582067432
0.62,0.7684125799720876,0.6013071895424836,0.8625,0.46153846153846156,0.8918374202216997,0.9836976658021489
0.625,0.7684105086614764,0.6010928961748634,0.8675078864353313,0.459866220735786,0.8916107382550336,0.9844386809929604
0.63,0.766705462025659,0.5978021978021978,0.8717948717948718,0.45484949832775917,0.890787269681742,0.9851796961837718
0.635,0.7666866261256358,0.5973451327433629,0.8823529411764706,0.451505016722408,0.890337679705784,0.9866617265653946
0.64,0.764967130122333,0.5942350332594235,0.881578947368421,0.44816053511705684,0.8897427330437688,0.9866617265653946
0.645,0.7619289152361479,0.5886287625418061,0.882943143812709,0.4414715719063545,0.8885923949299533,0.9870322341608003
0.65,0.7575632340473722,0.5807174887892377,0.8809523809523809,0.4331103678929766,0.8871128871128872,0.9870322341608003
0.655,0.7566418942601908,0.5788288288288288,0.8862068965517241,0.4297658862876254,0.8865979381443299,0.9877732493516117
0.66,0.7570615330487748,0.5794813979706878,0.889273356401384,0.4297658862876254,0.8866356382978723,0.9881437569470174
0.665,0.7544056232219414,0.5746606334841629,0.8881118881118881,0.42474916387959866,0.8857522417801394,0.9881437569470174
0.67,0.7526260504201681,0.5714285714285714,0.8873239436619719,0.4214046822742475,0.8851642880849652,0.9881437569470174
0.675,0.7476579821647141,0.5622857142857143,0.8880866425992779,0.411371237458194,0.8834437086092716,0.9885142645424231
0.68,0.7453534622616698,0.5579793340987371,0.8901098901098901,0.40635451505016723,0.8826058201058201,0.9888847721378288
0.685,0.742937996897421,0.5532407407407407,0.8984962406015038,0.3996655518394649,0.8815572418343781,0.989996294924046
0.69,0.741509361718421,0.5505226480836237,0.9011406844106464,0.3963210702341137,0.8810151615029663,0.9903668025194516
0.695,0.7405853294506047,0.5488372093023256,0.9007633587786259,0.39464882943143814,0.8807248764415156,0.9903668025194516
0.7,0.7408972972444728,0.5490654205607477,0.9108527131782945,0.39297658862876256,0.8805528134254689,0.9914783253056688
0.705,0.7362288285150901,0.5405405405405406,0.9090909090909091,0.38461538461538464,0.8791064388961892,0.9914783253056688
0.71,0.7366397673275438,0.5411764705882353,0.9126984126984127,0.38461538461538464,0.8791461412151067,0.9918488329010745
0.715,0.7338129703316283,0.5360094451003542,0.9116465863453815,0.3795986622073579,0.8782808398950132,0.9918488329010745
0.72,0.7338129703316283,0.5360094451003542,0.9116465863453815,0.3795986622073579,0.8782808398950132,0.9918488329010745
0.725,0.731918388688128,0.5325443786982249,0.9109311740890689,0.3762541806020067,0.8777049180327869,0.9918488329010745
0.73,0.727146332985749,0.5238095238095238,0.9090909090909091,0.36789297658862874,0.8762684124386252,0.9918488329010745
0.735,0.7246614238396838,0.5191387559808612,0.9117647058823529,0.362876254180602,0.8754494932984636,0.9922193404964802
0.74,0.7176590893062836,0.5060532687651331,0.9166666666666666,0.3494983277591973,0.873248615184099,0.9929603556872916
0.745,0.7164817821752129,0.5036496350364964,0.9241071428571429,0.34615384615384615,0.8727627725349821,0.993701370878103
0.75,0.712897915996177,0.4969400244798042,0.9269406392694064,0.3394648829431438,0.8716699155295646,0.9940718784735088
0.755,0.7098870969113183,0.4914004914004914,0.9259259259259259,0.33444816053511706,0.8708211619604025,0.9940718784735088
0.76,0.7045855976513399,0.4813895781637717,0.9326923076923077,0.32441471571906355,0.8692133376497249,0.9948128936643201
0.765,0.7025365400974403,0.47761194029850745,0.9320388349514563,0.3210702341137124,0.8686509220317049,0.9948128936643201
0.77,0.6994454756515516,0.47191011235955055,0.9310344827586207,0.31605351170568563,0.867808661926309,0.9948128936643201
0.775,0.6942464998327269,0.4623115577889447,0.9292929292929293,0.3076923076923077,0.8664085188770572,0.9948128936643201
0.78,0.6910983952195049,0.45649432534678436,0.9282051282051282,0.30267558528428096,0.8655705996131529,0.9948128936643201
0.785,0.687928447426044,0.4506329113924051,0.9270833333333334,0.2976588628762542,0.8647342995169082,0.9948128936643201
0.79,0.686179257431278,0.44726810673443457,0.9312169312169312,0.29431438127090304,0.8642213642213642,0.9951834012597258
0.795,0.6818947550259746,0.4393358876117497,0.9297297297297298,0.28762541806020064,0.8631105398457584,0.9951834012597258
0.8,0.6786549707602338,0.43333333333333335,0.9285714285714286,0.2826086956521739,0.8622792937399679,0.9951834012597258
0.805,0.6742995431880442,0.4252577319587629,0.9269662921348315,0.27591973244147155,0.8611734530298173,0.9951834012597258
0.81,0.672106342736887,0.42118863049095606,0.9261363636363636,0.2725752508361204,0.8606215956424224,0.9951834012597258
0.815,0.6695216461934288,0.41612483745123535,0.935672514619883,0.26755852842809363,0.8598848368522073,0.9959244164505372
0.82,0.6669039002092445,0.4109947643979058,0.9457831325301205,0.2625418060200669,0.8591504311721495,0.9966654316413487
0.825,0.6624059505981271,0.4026315789473684,0.9444444444444444,0.25585284280936454,0.8580542264752791,0.9966654316413487
0.83,0.6578641848426021,0.3941798941798942,0.9430379746835443,0.2491638795986622,0.8569608155463524,0.9966654316413487
0.835,0.6532778959406208,0.38563829787234044,0.9415584415584416,0.24247491638795987,0.85587018771874,0.9966654316413487
0.84,0.6463133978574285,0.3726541554959786,0.9391891891891891,0.23244147157190637,0.8542394410924102,0.9966654316413487
0.845,0.6392445913628011,0.35945945945945945,0.9366197183098591,0.22240802675585283,0.8526148969889065,0.9966654316413487
0.85,0.6323972390856571,0.34652114597544337,0.9407407407407408,0.21237458193979933,0.8510436432637571,0.9970359392367544
0.855,0.6299786763568419,0.34199726402188785,0.9398496240601504,0.20903010033444816,0.8505056890012642,0.9970359392367544
0.86,0.6238782132535619,0.3305785123966942,0.9375,0.20066889632107024,0.849163774061218,0.9970359392367544
0.865,0.6226487505948849,0.32827586206896553,0.937007874015748,0.19899665551839466,0.8488958990536277,0.9970359392367544
0.87,0.6201803505662193,0.3236514522821577,0.936,0.1956521739130435,0.8483606557377049,0.9970359392367544
0.875,0.6152052791998343,0.3143254520166898,0.9338842975206612,0.18896321070234115,0.8472921914357683,0.9970359392367544
0.88,0.6114400634122882,0.30726256983240224,0.9322033898305084,0.18394648829431437,0.8464926077382825,0.9970359392367544
0.885,0.6053992206125947,0.29577464788732394,0.9375,0.17558528428093645,0.8452119309262166,0.9974064468321601
0.89,0.6041196271268903,0.2933709449929478,0.9369369369369369,0.17391304347826086,0.8449466415568111,0.9974064468321601
0.895,0.6041196271268903,0.2933709449929478,0.9369369369369369,0.17391304347826086,0.8449466415568111,0.9974064468321601
0.9,0.5976708404074703,0.28125,0.9339622641509434,0.16555183946488294,0.8436226888122845,0.9974064468321601
0.905,0.591420826319043,0.2693409742120344,0.94,0.15719063545150502,0.8423522051923679,0.9977769544275658
0.91,0.5877340887998828,0.2622478386167147,0.9479166666666666,0.15217391304347827,0.8416119962511716,0.9981474620229714
0.915,0.5877340887998828,0.2622478386167147,0.9479166666666666,0.15217391304347827,0.8416119962511716,0.9981474620229714
0.92,0.5864029209224939,0.2597402597402597,0.9473684210526315,0.1505016722408027,0.8413491567770144,0.9981474620229714
0.925,0.5823877695298691,0.25217391304347825,0.9456521739130435,0.1454849498327759,0.8405616224648986,0.9981474620229714
0.93,0.5772518229645981,0.24233576642335766,0.9540229885057471,0.13879598662207357,0.839563862928349,0.9985179696183771
0.935,0.5692826413446063,0.22713864306784662,0.9625,0.12876254180602006,0.8380478706869754,0.9988884772137829
0.94,0.5665060561400281,0.22189349112426035,0.9615384615384616,0.1254180602006689,0.8375271823547685,0.9988884772137829
0.945,0.5569094682723652,0.20359281437125748,0.9714285714285714,0.11371237458193979,0.8357607685156492,0.9992589848091886
0.95,0.5483083200746426,0.18731117824773413,0.96875,0.10367892976588629,0.8342097123414784,0.9992589848091886
0.955,0.5336421811664083,0.15950920245398773,0.9629629629629629,0.08695652173913043,0.8316373728029602,0.9992589848091886
0.96,0.5248394297263171,0.14263565891472868,0.9787234042553191,0.07692307692307693,0.8301538461538461,0.9996294924045943
0.965,0.5172032457171649,0.128125,0.9761904761904762,0.06856187290969899,0.8288786482334869,0.9996294924045943
0.97,0.5063211029670743,0.10742496050552923,0.9714285714285714,0.056856187290969896,0.8270999386879215,0.9996294924045943
